{"cameraMode":{"drawMode":0,"name":"Shaded","section":"Shading Mode"},"sceneLighting":false,"audioPlay":false,"sceneViewState":{"showFog":true,"showMaterialUpdate":false,"showSkybox":false,"showFlares":true,"showImageEffects":true,"showParticleSystems":true},"in2DMode":false,"pivot":{"x":-0.24710287153720857,"y":0.8192344307899475,"z":194.63720703125},"rotation":{"x":0.14229372143745423,"y":-0.020789772272109987,"z":0.002989421132951975,"w":0.9896031022071838},"size":1.914526104927063,"orthographic":false}