{"cameraMode":{"drawMode":0,"name":"Shaded","section":"Shading Mode"},"sceneLighting":true,"audioPlay":false,"sceneViewState":{"showFog":true,"showMaterialUpdate":false,"showSkybox":true,"showFlares":true,"showImageEffects":true,"showParticleSystems":true},"in2DMode":false,"pivot":{"x":4.482192516326904,"y":3.59989595413208,"z":185.92208862304688},"rotation":{"x":-0.25493407249450686,"y":0.5343266129493713,"z":-0.17305664718151093,"w":-0.7871182560920715},"size":1.5052337646484376,"orthographic":false}