{"cameraMode":{"drawMode":0,"name":"Shaded","section":"Shading Mode"},"sceneLighting":true,"audioPlay":false,"sceneViewState":{"showFog":true,"showMaterialUpdate":false,"showSkybox":true,"showFlares":true,"showImageEffects":true,"showParticleSystems":true},"in2DMode":false,"pivot":{"x":-19.82735252380371,"y":-8.583395957946778,"z":-0.3222132921218872},"rotation":{"x":0.16163618862628938,"y":-0.6974633932113648,"z":0.16625915467739106,"w":0.6780681610107422},"size":28.578840255737306,"orthographic":false}